﻿{
    "backend":  {
                    "server_schema":  "1.4",
                    "model":  null,
                    "provider":  null,
                    "llm_mode":  null,
                    "base":  "https://localhost:9443"
                },
    "core":  {
                 "trace_html":  null,
                 "report_html":  null,
                 "suggest_edits":  {
                                       "status":  400,
                                       "latency_s":  0.247163
                                   },
                 "summary_get":  {
                                     "status":  200,
                                     "latency_s":  0.224281
                                 },
                 "gpt_draft":  {
                                   "status":  422,
                                   "latency_s":  0.22351
                               },
                 "health":  {
                                "status":  200,
                                "latency_s":  0.23126
                            },
                 "analyze":  {
                                 "latency_s":  0.230592,
                                 "status":  422,
                                 "cid":  null
                             },
                 "summary_post":  {
                                      "status":  400,
                                      "latency_s":  0.220909
                                  }
             }
}
