﻿{
    "backend":  {
                    "server_schema":  "1.4",
                    "model":  null,
                    "provider":  null,
                    "llm_mode":  null,
                    "base":  "https://localhost:9443"
                },
    "core":  {
                 "trace_html":  null,
                 "report_html":  null,
                 "suggest_edits":  {
                                       "latency_s":  0.225178,
                                       "status":  400,
                                       "error_body":  "date: Tue, 09 Sep 2025 11:08:53 GMT"
                                   },
                 "summary_get":  {
                                     "latency_s":  0.210188,
                                     "status":  200,
                                     "error_body":  null
                                 },
                 "gpt_draft":  {
                                   "latency_s":  0.223132,
                                   "status":  422,
                                   "error_body":  "date: Tue, 09 Sep 2025 11:08:53 GMT"
                               },
                 "health":  {
                                "status":  200,
                                "latency_s":  0.234619
                            },
                 "analyze":  {
                                 "latency_s":  0.237526,
                                 "status":  422,
                                 "error_body":  "date: Tue, 09 Sep 2025 11:08:52 GMT",
                                 "cid":  null
                             },
                 "summary_post":  {
                                      "latency_s":  0.211559,
                                      "status":  400,
                                      "error_body":  "date: Tue, 09 Sep 2025 11:08:53 GMT"
                                  }
             }
}
